"location","lon","lat","date","region","travel","roles"
"Bath, UK",-2.3599039,51.375801,"06/01/2016 10:27:26","EMEA (EU, Middle East & Africa)","To my nearest city","Attending a satRday, Helping out a satRday, Helping publicise the events, Organising a satRday"
"Chippenham, UK",-2.1195157,51.461514,"06/01/2016 10:28:59","EMEA (EU, Middle East & Africa)","To my nearest city","Attending a satRday, Helping out a satRday, Helping publicise the events, Presenting at a satRday, Helping improve the website"
"Southampton, UK",-1.4043509,50.9097004,"06/01/2016 10:40:00","EMEA (EU, Middle East & Africa)","To anywhere in my country","Attending a satRday, Helping out a satRday, Helping publicise the events"
"Cardiff, UK",-3.17909,51.481581,"06/01/2016 10:42:06","EMEA (EU, Middle East & Africa)","To anywhere in the the world","Attending a satRday, Helping out a satRday, Helping publicise the events, Presenting at a satRday, Organising a satRday, Helping improve the website, Helping with central organisation"
"Cardiff, Wales",-3.17909,51.481581,"06/01/2016 10:42:44","EMEA (EU, Middle East & Africa)","To anywhere in the the world","Attending a satRday, Helping out a satRday, Helping publicise the events, Organising a satRday, Helping improve the website, Helping with central organisation"
"Ljubljana, Slovenia",14.5057515,46.0569465,"06/01/2016 10:43:07","EMEA (EU, Middle East & Africa)","To anywhere in my continent","Attending a satRday, Helping out a satRday, Helping publicise the events, Presenting at a satRday, Organising a satRday"
"Santiago, Chile",-70.6298313,-33.4727879,"06/01/2016 10:46:59","LATAM (Latin America)","To anywhere in the the world","Attending a satRday, Helping out a satRday, Helping improve the website"
"Cwmbran, UK",-3.0317889,51.6496546,"06/01/2016 11:00:53","EMEA (EU, Middle East & Africa)","To anywhere in my country","Attending a satRday, Helping out a satRday, Helping publicise the events"
"norwich, uk",1.297355,52.6308859,"06/01/2016 11:28:32","EMEA (EU, Middle East & Africa)","To anywhere in the the world","Helping out a satRday, Presenting at a satRday"
"London, UK",-0.1277583,51.5073509,"06/01/2016 11:55:03","EMEA (EU, Middle East & Africa)","To my nearest city","Attending a satRday, Helping out a satRday"
"Miami, USA",-80.1917902,25.7616798,"06/01/2016 11:58:29","NA (North America)","To my nearest city","Attending a satRday, Helping out a satRday, Presenting at a satRday, Helping improve the website"
"Glasgow, UK (Scotland)",-4.251806,55.864237,"06/01/2016 12:09:55","EMEA (EU, Middle East & Africa)","To anywhere in my country","Attending a satRday, Helping out a satRday, Helping publicise the events, Organising a satRday"
"Harrisonburg, Virginia",-78.8689155,38.4495688,"06/01/2016 12:22:58","NA (North America)","To anywhere in the the world","Attending a satRday, Helping out a satRday, Helping publicise the events, Presenting at a satRday, Organising a satRday"
"Cardiff, Wales, UK",-3.17909,51.481581,"06/01/2016 12:29:27","EMEA (EU, Middle East & Africa)","To anywhere in my country","Attending a satRday, Helping out a satRday, Presenting at a satRday"
"London, United Kingdom",-0.1277583,51.5073509,"06/01/2016 12:29:46","EMEA (EU, Middle East & Africa)","To anywhere in the the world","Helping publicise the events, Presenting at a satRday, Organising a satRday, more strategic discussions, directions etc."
"Houston, TX, USA",-95.3698028,29.7604267,"06/01/2016 12:33:53","NA (North America)","To anywhere in my country","Attending a satRday, Helping out a satRday, Helping publicise the events, Presenting at a satRday"
"London, UK",-0.1277583,51.5073509,"06/01/2016 12:34:05","EMEA (EU, Middle East & Africa)","To my nearest city","Attending a satRday, Helping out a satRday, Helping publicise the events, Presenting at a satRday"
"Cardiff, United Kingdom",-3.17909,51.481581,"06/01/2016 12:34:20","EMEA (EU, Middle East & Africa)","To my nearest city","Attending a satRday, Helping out a satRday, Helping publicise the events, Presenting at a satRday, Helping with central organisation"
"Cardiff, UK",-3.17909,51.481581,"06/01/2016 12:58:12","EMEA (EU, Middle East & Africa)","To my nearest city","Attending a satRday"
"Cardiff, UK",-3.17909,51.481581,"06/01/2016 13:07:11","EMEA (EU, Middle East & Africa)","To my nearest city","Attending a satRday, Helping publicise the events"
"London, UK",-0.1277583,51.5073509,"06/01/2016 13:08:50","EMEA (EU, Middle East & Africa)","To my nearest city","Attending a satRday"
"Ghent, Belgium",3.7174243,51.0543422,"06/01/2016 13:16:47","EMEA (EU, Middle East & Africa)","To anywhere in my country","Attending a satRday"
"Lexington, KY, USA",-84.5037164,38.0405837,"06/01/2016 13:33:26","NA (North America)","To my nearest city","Attending a satRday, Helping out a satRday, Helping publicise the events, Presenting at a satRday, Organising a satRday"
"Lexington, KY",-84.5037164,38.0405837,"06/01/2016 13:44:01","NA (North America)","To my nearest city","Attending a satRday"
"Lexington, USA",-84.5037164,38.0405837,"06/01/2016 13:52:30","NA (North America)","To my nearest city","Attending a satRday"
"Orlando, FL, USA",-81.3792365,28.5383355,"06/01/2016 14:18:04","NA (North America)","To my nearest city","Attending a satRday"
"Nottingham, UK",-1.1581086,52.9547832,"06/01/2016 14:42:48","EMEA (EU, Middle East & Africa)","To anywhere in my continent","Attending a satRday"
"New York, New York, USA",-74.0059413,40.7127837,"06/01/2016 15:16:25","NA (North America)","To my nearest city","Attending a satRday, Helping out a satRday, Helping publicise the events, Presenting at a satRday, Organising a satRday, Helping improve the website, Helping with central organisation"
"Cardiff",-3.17909,51.481581,"06/01/2016 15:32:02","EMEA (EU, Middle East & Africa)","To anywhere in my country","Attending a satRday, Helping out a satRday, Helping publicise the events, Presenting at a satRday, Organising a satRday, Helping improve the website"
"Lexington, KY, USA",-84.5037164,38.0405837,"06/01/2016 15:51:41","NA (North America)","To my nearest city","Attending a satRday, Helping out a satRday, Organising a satRday"
"Dallas, USA",-96.7969879,32.7766642,"06/01/2016 15:54:27","NA (North America)","To anywhere in my country","Attending a satRday, Helping out a satRday, Helping publicise the events"
"Nottingham, UK",-1.1581086,52.9547832,"06/01/2016 16:00:17","EMEA (EU, Middle East & Africa)","To my nearest city","Attending a satRday, Helping out a satRday, Presenting at a satRday"
"Belfast, Northern Ireland ",-5.93012,54.597285,"06/01/2016 16:07:03","Other","To anywhere in my country","Attending a satRday"
"Mountain View",-122.0838511,37.3860517,"06/01/2016 16:15:10","NA (North America)","To my nearest city","Attending a satRday, Helping out a satRday"
"York, United Kingdom",-1.0872979,53.9599651,"06/01/2016 16:38:01","EMEA (EU, Middle East & Africa)","To anywhere in my country","Attending a satRday"
"London, UK",-0.1277583,51.5073509,"06/01/2016 16:38:28","EMEA (EU, Middle East & Africa)","To anywhere in my continent","Attending a satRday, Helping out a satRday, Helping publicise the events, Presenting at a satRday, Organising a satRday, Helping improve the website, Helping with central organisation, Sponsoring an event"
"Los Angeles, USA + Budapest, Hungary",-118.2436849,34.0522342,"06/01/2016 16:50:46","NA (North America)","To anywhere in the the world","Attending a satRday, Helping out a satRday, Helping publicise the events, Presenting at a satRday, Organising a satRday, Helping with central organisation"
"Seattle, USA",-122.3320708,47.6062095,"06/01/2016 16:54:44","NA (North America)","To my nearest city","Attending a satRday, Helping out a satRday, Presenting at a satRday"
"41379 Brueggen, Germany",6.1818561,51.2442461,"06/01/2016 16:57:39","EMEA (EU, Middle East & Africa)","To anywhere in my country","Attending a satRday, Helping out a satRday, Helping publicise the events"
"Baltimore, USA",-76.6121893,39.2903848,"06/01/2016 17:08:20","NA (North America)","To my nearest city","Attending a satRday, Helping out a satRday, Helping publicise the events, Presenting at a satRday, Organising a satRday, Helping improve the website, Helping with central organisation"
"London, England",-0.1277583,51.5073509,"06/01/2016 17:10:15","EMEA (EU, Middle East & Africa)","To anywhere in my country","Attending a satRday, Helping out a satRday, Helping publicise the events, Presenting at a satRday, Organising a satRday, Helping with central organisation"
"Neuchatel, Switzerland",6.9292732,46.9899874,"06/01/2016 17:19:08","EMEA (EU, Middle East & Africa)","To anywhere in my continent","Attending a satRday, Helping out a satRday, Presenting at a satRday"
"Vancouver, Canada",-123.1207375,49.2827291,"06/01/2016 17:20:14","NA (North America)","To my nearest city","Attending a satRday, Helping out a satRday, Presenting at a satRday, Have given two responses as I will be moving in May 2016 and I'm not sure of the timeline for these satRdays. "
"Cardiff, Wales",-3.17909,51.481581,"06/01/2016 17:36:50","EMEA (EU, Middle East & Africa)","To anywhere in my country","Attending a satRday, Helping out a satRday, Helping publicise the events, Helping with central organisation"
"Dublin, Ireland",-6.2603097,53.3498053,"06/01/2016 18:15:23","EMEA (EU, Middle East & Africa)","To anywhere in my country","Attending a satRday, Helping out a satRday, Presenting at a satRday, Organising a satRday, Helping with central organisation"
"New Haven, Conn. USA",-72.9278835,41.308274,"06/01/2016 18:55:55","NA (North America)","To my nearest city","Attending a satRday, Helping with central organisation"
"Aarhus, Denmark",10.203921,56.162939,"06/01/2016 19:52:02","EMEA (EU, Middle East & Africa)","To anywhere in the the world","Attending a satRday, Helping out a satRday, Helping publicise the events, Presenting at a satRday, Organising a satRday"
"Inverness, Scotland",-4.224721,57.477773,"06/01/2016 19:54:14","EMEA (EU, Middle East & Africa)","To anywhere in my continent","Attending a satRday, Helping out a satRday, Helping publicise the events, Presenting at a satRday, Organising a satRday, Helping with central organisation"
"Cardiff, uk",-3.17909,51.481581,"06/01/2016 22:14:43","EMEA (EU, Middle East & Africa)","To my nearest city","Attending a satRday, Helping out a satRday, Helping publicise the events"
"Newport, Wales",-2.997664,51.584151,"06/01/2016 22:30:50","EMEA (EU, Middle East & Africa)","To anywhere in my country","Attending a satRday, Helping out a satRday"
"London, England",-0.1277583,51.5073509,"06/01/2016 22:34:41","EMEA (EU, Middle East & Africa)","To anywhere in my continent","Attending a satRday, Helping out a satRday, Helping publicise the events, Presenting at a satRday"
"Berlin, Germany",13.404954,52.5200066,"06/01/2016 22:56:30","EMEA (EU, Middle East & Africa)","To my nearest city","Attending a satRday"
"Hasselt, Belgium",5.33248,50.93069,"06/01/2016 23:02:25","EMEA (EU, Middle East & Africa)","To anywhere in my country","Attending a satRday, Helping out a satRday, Helping publicise the events, Presenting at a satRday, Organising a satRday, Helping improve the website, Helping with central organisation"
"Wales",-3.7837117,52.1306607,"06/01/2016 23:04:02","EMEA (EU, Middle East & Africa)","To anywhere in the the world","Attending a satRday, Helping out a satRday, Helping publicise the events, Presenting at a satRday"
"Sydney, Australia",151.2069902,-33.8674869,"07/01/2016 01:58:14","APAC (Asia - Pacific)","To my nearest city","Attending a satRday, Helping out a satRday, Presenting at a satRday, Helping improve the website, Helping with central organisation"
"Auckland, New Zealand",174.7633315,-36.8484597,"07/01/2016 05:47:07","APAC (Asia - Pacific)","To anywhere in my country","Attending a satRday, Presenting at a satRday"
"Ljubljana, Slovenia",14.5057515,46.0569465,"07/01/2016 07:37:29","EMEA (EU, Middle East & Africa)","To anywhere in my continent","Helping out a satRday, Helping publicise the events, Presenting at a satRday"
"Portsmouth, United Kingdom",-1.0879769,50.8197675,"07/01/2016 08:34:38","EMEA (EU, Middle East & Africa)","To anywhere in my country","Attending a satRday, Helping out a satRday"
"Amsterdam, The Netherlands",4.8951679,52.3702157,"07/01/2016 08:46:09","EMEA (EU, Middle East & Africa)","To anywhere in my country","Attending a satRday"
"Islamabad, Pakistan",73.0931461,33.7293882,"07/01/2016 09:07:27","APAC (Asia - Pacific)","To anywhere in my country","Attending a satRday, Helping out a satRday, Helping publicise the events, Presenting at a satRday, Organising a satRday"
"London, UK",-0.1277583,51.5073509,"07/01/2016 09:23:25","EMEA (EU, Middle East & Africa)","To anywhere in the the world","Attending a satRday, Helping out a satRday, Helping publicise the events, Presenting at a satRday"
"Pheonix, USA",-112.0740373,33.4483771,"07/01/2016 09:56:10","NA (North America)","To anywhere in my country","Attending a satRday, Helping out a satRday, Helping publicise the events, Presenting at a satRday, Organising a satRday"
"Dublin, Ireland",-6.2603097,53.3498053,"07/01/2016 10:21:51","EMEA (EU, Middle East & Africa)","To anywhere in my continent","Attending a satRday, Helping out a satRday, Helping publicise the events, Presenting at a satRday, Organising a satRday, Helping with central organisation"
"Edinburgh, UK",-3.188267,55.953252,"07/01/2016 10:29:06","EMEA (EU, Middle East & Africa)","To my nearest city","Attending a satRday, Helping publicise the events"
"Exeter, UK",-3.533899,50.718412,"07/01/2016 10:43:11","EMEA (EU, Middle East & Africa)","To anywhere in my country","Attending a satRday, Helping out a satRday, Helping publicise the events, Presenting at a satRday, Organising a satRday, Helping with central organisation"
"Windsor, UK",-0.613576,51.4817279,"07/01/2016 11:03:11","EMEA (EU, Middle East & Africa)","To my nearest city","Attending a satRday, Helping out a satRday, Helping publicise the events"
"Thatcham, West Berkshire",-1.266468,51.405805,"07/01/2016 11:25:40","EMEA (EU, Middle East & Africa)","To anywhere in my country","Attending a satRday, Helping out a satRday, Helping publicise the events, Presenting at a satRday"
"Cardiff, Unitedf Kingdom",-3.17909,51.481581,"07/01/2016 11:49:00","EMEA (EU, Middle East & Africa)","To my nearest city","Attending a satRday"
"Columbus, OH USA",-82.9987942,39.9611755,"07/01/2016 12:49:43","NA (North America)","To my nearest city","Attending a satRday"
"Allentown, PA, USA",-75.4901833,40.6084305,"07/01/2016 12:52:59","NA (North America)","To my nearest city","Attending a satRday, Helping out a satRday, Helping publicise the events"
"Aarhus, Denmark",10.203921,56.162939,"07/01/2016 12:56:39","EMEA (EU, Middle East & Africa)","To anywhere in my country","Attending a satRday, Helping out a satRday"
"London, UK",-0.1277583,51.5073509,"07/01/2016 13:01:35","EMEA (EU, Middle East & Africa)","To anywhere in my country","Attending a satRday, Helping out a satRday, Presenting at a satRday"
"Oslo, Norway",10.7522454,59.9138688,"07/01/2016 13:02:17","EMEA (EU, Middle East & Africa)","To my nearest city","Attending a satRday, Helping out a satRday, Helping publicise the events, Organising a satRday"
"Cambridge, England",0.121817,52.205337,"07/01/2016 13:54:14","EMEA (EU, Middle East & Africa)","To my nearest city","Attending a satRday, Helping out a satRday, Helping publicise the events, Presenting at a satRday, Organising a satRday, Helping with central organisation"
"London",-0.1277583,51.5073509,"07/01/2016 16:01:31","EMEA (EU, Middle East & Africa)","To anywhere in my country","Attending a satRday, Helping out a satRday, Helping publicise the events, Presenting at a satRday, Organising a satRday, Helping with central organisation"
"London, uk",-0.1277583,51.5073509,"07/01/2016 17:02:13","NA (North America)","To my nearest city","Attending a satRday"
"Dallas TX ",-96.7969879,32.7766642,"07/01/2016 17:09:03","NA (North America)","To my nearest city","Attending a satRday"
"High Point, NC",-80.0053176,35.9556923,"07/01/2016 17:10:07","NA (North America)","To my nearest city","Attending a satRday, Helping out a satRday, Helping publicise the events, Presenting at a satRday"
"Regina, Saskatchewan",-104.6188944,50.4452112,"07/01/2016 17:17:53","NA (North America)","To my nearest city","Helping out a satRday, Presenting at a satRday, Organising a satRday"
"Munich, Germany",11.5819806,48.1351253,"07/01/2016 17:17:54","EMEA (EU, Middle East & Africa)","To anywhere in my country","Attending a satRday, Presenting at a satRday"
"Burlington, VT. USA",-73.212072,44.4758825,"07/01/2016 17:18:23","NA (North America)","To my nearest city","Attending a satRday"
"Lancaster, UK",-2.8007399,54.046575,"07/01/2016 17:20:00","EMEA (EU, Middle East & Africa)","To anywhere in my country","Attending a satRday, Helping out a satRday, Helping publicise the events"
"Vancouver, Canada",-123.1207375,49.2827291,"07/01/2016 17:22:49","NA (North America)","To my nearest city","Attending a satRday, Helping out a satRday, Helping publicise the events, Helping improve the website, Helping with central organisation"
"Minneapolis, MN, USA",-93.2650108,44.977753,"07/01/2016 17:31:50","NA (North America)","To my nearest city","Attending a satRday"
"Tampa, USA",-82.4571776,27.950575,"07/01/2016 17:34:11","NA (North America)","To anywhere in my country","Attending a satRday, Helping publicise the events, Presenting at a satRday"
"Chandler, USA",-111.8412502,33.3061605,"07/01/2016 17:35:43","NA (North America)","To my nearest city","Attending a satRday, Helping out a satRday, Helping improve the website, Helping with central organisation"
"Portland, ",-122.6764816,45.5230622,"07/01/2016 17:35:49","NA (North America)","To my nearest city","Attending a satRday, Helping out a satRday, Helping publicise the events"
"Minneapolis, US",-93.2650108,44.977753,"07/01/2016 17:37:44","NA (North America)","To anywhere in the the world","Attending a satRday, Helping out a satRday, Presenting at a satRday, Organising a satRday"
"Glastonbury, CT, USA",-72.5450779,41.6861794,"07/01/2016 17:38:10","NA (North America)","To my nearest city","Attending a satRday, Helping out a satRday, Helping publicise the events, Presenting at a satRday, Organising a satRday, Helping improve the website, Helping with central organisation, Sponsoring an event"
"Cambridge",-71.1097335,42.3736158,"07/01/2016 17:48:40","EMEA (EU, Middle East & Africa)","To my nearest city","Attending a satRday"
"Chicago, USA",-87.6297982,41.8781136,"07/01/2016 17:55:38","NA (North America)","To my nearest city","Attending a satRday, Helping out a satRday, Presenting at a satRday"
"Sugar Land, Texas, USA",-95.6349463,29.6196787,"07/01/2016 18:03:52","NA (North America)","To my nearest city","Attending a satRday"
"Phoenix, az",-112.0740373,33.4483771,"07/01/2016 18:37:02","NA (North America)","To my nearest city","Attending a satRday, Helping out a satRday"
"Chicago, Il",-87.6297982,41.8781136,"07/01/2016 18:37:38","NA (North America)","To my nearest city","Attending a satRday, Presenting at a satRday, Organising a satRday, Helping with central organisation"
"Bentonville, Arkansas, United States",-94.2088172,36.3728538,"07/01/2016 19:38:33","NA (North America)","To my nearest city","Attending a satRday, Helping out a satRday"
"Genoa City Wisconsin",-88.3281487,42.4983517,"07/01/2016 20:08:28","NA (North America)","To my nearest city","Attending a satRday"
"New York,USA",-74.0059413,40.7127837,"07/01/2016 20:15:00","NA (North America)","To my nearest city","Attending a satRday, Helping out a satRday"
"Miami, FL",-80.1917902,25.7616798,"07/01/2016 20:16:01","NA (North America)","To my nearest city","Attending a satRday, Helping out a satRday, Helping publicise the events, Maybe presenting...maybe."
"Atlanta, GA, USA",-84.3879824,33.7489954,"07/01/2016 20:20:24","NA (North America)","To my nearest city","Attending a satRday"
"Pristina, Kosovo",21.1655028,42.6629138,"07/01/2016 20:41:43","EMEA (EU, Middle East & Africa)","To anywhere in my continent","Attending a satRday, Helping out a satRday, Helping publicise the events, Organising a satRday, Helping with central organisation"
"Durham, North Carolina, United States",-78.898619,35.9940329,"07/01/2016 20:41:47","NA (North America)","To anywhere in my country","Attending a satRday, Helping out a satRday, Presenting at a satRday, Organising a satRday, Helping with central organisation"
"Seattle, WA, USA",-122.3320708,47.6062095,"07/01/2016 20:41:53","NA (North America)","To my nearest city","Presenting at a satRday"
"Tampa",-82.4571776,27.950575,"07/01/2016 20:43:35","NA (North America)","To my nearest city","Attending a satRday"
"Chicago, IL",-87.6297982,41.8781136,"07/01/2016 20:46:41","NA (North America)","To my nearest city","Attending a satRday"
"Cardiff, Wales",-3.17909,51.481581,"07/01/2016 20:52:39","EMEA (EU, Middle East & Africa)","To anywhere in my country","Attending a satRday, Helping publicise the events"
"London",-0.1277583,51.5073509,"07/01/2016 20:53:09","EMEA (EU, Middle East & Africa)","To my nearest city","Attending a satRday"
"london, uk",-0.1277583,51.5073509,"07/01/2016 20:55:41","EMEA (EU, Middle East & Africa)","To my nearest city","Attending a satRday, Helping out a satRday, Helping publicise the events"
"Jackson, MS, USA",-90.1848103,32.2987573,"07/01/2016 20:59:48","NA (North America)","To my nearest city","Attending a satRday, Helping out a satRday, Helping with central organisation"
"Louisville, USA",-85.7584557,38.2526647,"07/01/2016 21:06:44","NA (North America)","To my nearest city","Attending a satRday, Presenting at a satRday, Organising a satRday"
"Winchester",-1.310142,51.059771,"07/01/2016 21:16:46","EMEA (EU, Middle East & Africa)","To anywhere in my country","Attending a satRday, Helping out a satRday, Helping publicise the events"
"London",-0.1277583,51.5073509,"07/01/2016 21:33:31","EMEA (EU, Middle East & Africa)","To my nearest city","Attending a satRday"
"London , uk",-0.1277583,51.5073509,"07/01/2016 21:37:50","EMEA (EU, Middle East & Africa)","To my nearest city","Attending a satRday"
"India",78.96288,20.593684,"07/01/2016 22:09:05","Other","To my nearest city","Attending a satRday, Helping out a satRday, Helping publicise the events"
"London",-0.1277583,51.5073509,"07/01/2016 23:16:40","EMEA (EU, Middle East & Africa)","To anywhere in my country","Attending a satRday, Helping out a satRday, Helping publicise the events, Presenting at a satRday, Helping improve the website, Helping with central organisation"
"London",-0.1277583,51.5073509,"07/01/2016 23:22:15","EMEA (EU, Middle East & Africa)","To anywhere in my country","Attending a satRday"
"Burnley, U.K. ",-2.2405035,53.7892877,"07/01/2016 23:26:28","EMEA (EU, Middle East & Africa)","To my nearest city","Attending a satRday"
"London, England",-0.1277583,51.5073509,"07/01/2016 23:28:29","EMEA (EU, Middle East & Africa)","To my nearest city","Attending a satRday, Helping out a satRday, Helping publicise the events, Helping with central organisation"
"London",-0.1277583,51.5073509,"07/01/2016 23:28:46","EMEA (EU, Middle East & Africa)","To my nearest city","Attending a satRday"
"Poole, UK",-1.987248,50.71505,"07/01/2016 23:31:59","EMEA (EU, Middle East & Africa)","To anywhere in my country","Attending a satRday, Helping out a satRday, Helping publicise the events, Helping with central organisation"
"London, UK",-0.1277583,51.5073509,"07/01/2016 23:40:21","EMEA (EU, Middle East & Africa)","To my nearest city","Attending a satRday"
"London",-0.1277583,51.5073509,"07/01/2016 23:44:24","EMEA (EU, Middle East & Africa)","To my nearest city","Attending a satRday"
"Pittsburgh, USA ",-79.9958864,40.4406248,"07/01/2016 23:50:55","NA (North America)","To my nearest city","Attending a satRday"
"Henley-on-Thames, Oxfordhire",-0.902894,51.535764,"08/01/2016 00:14:47","EMEA (EU, Middle East & Africa)","To my nearest city","Attending a satRday, Helping publicise the events, Presenting at a satRday, Introduce new tools for R - OLAP on Hadoop from AtScale"
"Buckner, IL",-89.0161841,37.9831056,"08/01/2016 00:48:55","NA (North America)","To my nearest city","Attending a satRday, Helping out a satRday, Helping with central organisation"
"Trinity,FL USA",-82.6817662,28.1808458,"08/01/2016 00:50:36","NA (North America)","To my nearest city","Attending a satRday, Helping publicise the events"
"United Kingdom",-3.435973,55.378051,"08/01/2016 01:40:06","EMEA (EU, Middle East & Africa)","To my nearest city","Attending a satRday, Helping out a satRday, Presenting at a satRday"
"somerset, nj",-74.6400432,40.5292099,"08/01/2016 02:23:29","NA (North America)","To my nearest city","Attending a satRday, Helping out a satRday, Helping improve the website"
"Bangalore, India",77.5945627,12.9715987,"08/01/2016 02:32:23","APAC (Asia - Pacific)","To anywhere in the the world","Attending a satRday, Helping out a satRday, Helping improve the website"
"Fayetteville, AR",-94.1574263,36.0625795,"08/01/2016 03:06:54","NA (North America)","To my nearest city","Attending a satRday, Helping out a satRday"
"Sydney, Australia ",151.2069902,-33.8674869,"08/01/2016 04:18:40","APAC (Asia - Pacific)","To my nearest city","Attending a satRday, Helping out a satRday, Helping publicise the events"
"Bangalore, India ",77.5945627,12.9715987,"08/01/2016 04:46:46","APAC (Asia - Pacific)","To anywhere in my country","Attending a satRday, Helping out a satRday, Organising a satRday"
"Tampa, United States",-82.4571776,27.950575,"08/01/2016 04:59:56","NA (North America)","To my nearest city","Attending a satRday, Helping out a satRday, Helping publicise the events"
"Delhi, India ",77.2090212,28.6139391,"08/01/2016 05:29:40","APAC (Asia - Pacific)","To my nearest city","Attending a satRday"
"San Diego",-117.1610838,32.715738,"08/01/2016 05:46:06","NA (North America)","To my nearest city","Attending a satRday"
"London, UK",-0.1277583,51.5073509,"08/01/2016 05:54:42","EMEA (EU, Middle East & Africa)","To my nearest city","Attending a satRday"
"Singapore, Singapore",103.8677444,1.3553794,"08/01/2016 07:00:24","APAC (Asia - Pacific)","To my nearest city","Attending a satRday, Helping out a satRday, Presenting at a satRday, Organising a satRday"
"Aurora, Colorado",-104.8319195,39.7294319,"08/01/2016 07:02:31","NA (North America)","To anywhere in my country","Presenting at a satRday, Helping improve the website"
"Uk London",-0.1277583,51.5073509,"08/01/2016 07:09:54","EMEA (EU, Middle East & Africa)","To my nearest city","Attending a satRday"
"Hamburg, Hamburg, Germany",9.9936818,53.5510846,"08/01/2016 07:26:06","EMEA (EU, Middle East & Africa)","To anywhere in my country","Attending a satRday, Helping out a satRday, Helping publicise the events, Organising a satRday, Helping improve the website, Helping with central organisation, Actually I'm a complete novice on R but wanna learn it Step by Step..."
"London, United Kingdom",-0.1277583,51.5073509,"08/01/2016 07:30:32","EMEA (EU, Middle East & Africa)","To my nearest city","Attending a satRday, Helping out a satRday, Helping publicise the events, Helping with central organisation"
"London",-0.1277583,51.5073509,"08/01/2016 07:52:24","EMEA (EU, Middle East & Africa)","To my nearest city","Attending a satRday"
"LONDON, UK",-0.1277583,51.5073509,"08/01/2016 08:15:04","EMEA (EU, Middle East & Africa)","To my nearest city","Attending a satRday"
"London, England",-0.1277583,51.5073509,"08/01/2016 08:15:56","EMEA (EU, Middle East & Africa)","To my nearest city","Attending a satRday"
"London, United Kingdom",-0.1277583,51.5073509,"08/01/2016 08:50:01","EMEA (EU, Middle East & Africa)","To anywhere in my continent","Attending a satRday, Helping out a satRday, Helping publicise the events, Presenting at a satRday, Organising a satRday, Helping improve the website, Helping with central organisation"
"Northampton",-0.902656,52.240477,"08/01/2016 08:56:37","EMEA (EU, Middle East & Africa)","To my nearest city","Attending a satRday"
"London, England",-0.1277583,51.5073509,"08/01/2016 08:57:11","EMEA (EU, Middle East & Africa)","To anywhere in my country","Attending a satRday"
"London, UK",-0.1277583,51.5073509,"08/01/2016 09:17:58","EMEA (EU, Middle East & Africa)","To my nearest city","Attending a satRday, Helping out a satRday"
"London",-0.1277583,51.5073509,"08/01/2016 10:23:41","EMEA (EU, Middle East & Africa)","To my nearest city","Helping out a satRday, Helping improve the website, Helping with central organisation"
"Singapore",103.819836,1.352083,"08/01/2016 10:23:57","APAC (Asia - Pacific)","To my nearest city","Attending a satRday, Helping out a satRday, Presenting at a satRday, Organising a satRday"
"London, UK",-0.1277583,51.5073509,"08/01/2016 10:54:30","EMEA (EU, Middle East & Africa)","To my nearest city","Attending a satRday"
"Henley on THames, UK",-0.902894,51.535764,"08/01/2016 10:55:39","EMEA (EU, Middle East & Africa)","To anywhere in my country","Attending a satRday"
"London, UK",-0.1277583,51.5073509,"08/01/2016 10:56:19","EMEA (EU, Middle East & Africa)","To my nearest city","Attending a satRday, Helping out a satRday, Helping improve the website"
"London",-0.1277583,51.5073509,"08/01/2016 11:14:23","EMEA (EU, Middle East & Africa)","To my nearest city","Attending a satRday"
"Cardiff",-3.17909,51.481581,"08/01/2016 11:17:23","EMEA (EU, Middle East & Africa)","To my nearest city","Attending a satRday"
"Glasgow, Scotland",-4.251806,55.864237,"08/01/2016 11:37:26","EMEA (EU, Middle East & Africa)","To my nearest city","Attending a satRday"
"London, UK",-0.1277583,51.5073509,"08/01/2016 11:44:05","EMEA (EU, Middle East & Africa)","To my nearest city","Attending a satRday, Helping out a satRday, Presenting at a satRday"
"New York, USA",-74.0059413,40.7127837,"08/01/2016 11:54:45","NA (North America)","To my nearest city","Attending a satRday"
"London, UK",-0.1277583,51.5073509,"08/01/2016 11:55:16","EMEA (EU, Middle East & Africa)","To anywhere in my country","Attending a satRday, Helping out a satRday, Presenting at a satRday, Helping with central organisation"
"Erie, PA USA",-80.085059,42.1292241,"08/01/2016 12:06:48","NA (North America)","To my nearest city","Attending a satRday, Helping out a satRday, Presenting at a satRday"
"Las Vegas, Nevada",-115.1398296,36.1699412,"08/01/2016 12:09:00","NA (North America)","To anywhere in my country","Attending a satRday, Helping out a satRday, Helping publicise the events, Presenting at a satRday, Organising a satRday"
"pune, India",73.8567437,18.5204303,"08/01/2016 12:13:35","APAC (Asia - Pacific)","To my nearest city","Attending a satRday"
"pune, India",73.8567437,18.5204303,"08/01/2016 12:14:53","APAC (Asia - Pacific)","To my nearest city","Attending a satRday"
"Gloucester, UK",-2.238156,51.8642449,"08/01/2016 12:16:11","EMEA (EU, Middle East & Africa)","To my nearest city","Attending a satRday"
"Norfolk, VA, USA",-76.2858726,36.8507689,"08/01/2016 12:17:50","NA (North America)","To my nearest city","Attending a satRday, Helping out a satRday, Helping publicise the events, Presenting at a satRday, Helping with central organisation"
"Salvador, Brazil",-38.502304,-12.9730401,"08/01/2016 12:23:49","LATAM (Latin America)","To anywhere in my country","Attending a satRday, Helping out a satRday"
"Cologne, Germany",6.9602786,50.937531,"08/01/2016 12:30:15","EMEA (EU, Middle East & Africa)","To anywhere in my country","Attending a satRday, Helping out a satRday, Helping publicise the events, Presenting at a satRday, Organising a satRday"
"London, UK",-0.1277583,51.5073509,"08/01/2016 12:32:57","EMEA (EU, Middle East & Africa)","To my nearest city","Attending a satRday"
"Bengaluru, India",77.5945627,12.9715987,"08/01/2016 12:34:47","APAC (Asia - Pacific)","To my nearest city","Attending a satRday, Presenting at a satRday, Organising a satRday"
"Delhi, India",77.2090212,28.6139391,"08/01/2016 12:41:11","Other","To my nearest city","Attending a satRday"
"Brussels, Belgium",4.3517103,50.8503396,"08/01/2016 12:42:24","EMEA (EU, Middle East & Africa)","To my nearest city","Attending a satRday, Helping out a satRday, Presenting at a satRday"
"Germany",10.451526,51.165691,"08/01/2016 12:52:35","EMEA (EU, Middle East & Africa)","To my nearest city","Attending a satRday"
"Turin, Italy",7.6868565,45.070312,"08/01/2016 12:59:55","EMEA (EU, Middle East & Africa)","To anywhere in my continent","Attending a satRday"
"Szeged, Hungary",20.1414253,46.2530102,"08/01/2016 13:00:39","Other","To my nearest city","Attending a satRday"
"Charlottetown, Canada",-63.1310704,46.23824,"08/01/2016 13:02:09","NA (North America)","To anywhere in my country","Attending a satRday"
"Washington, D.C.",-77.0368707,38.9071923,"08/01/2016 13:05:12","NA (North America)","To my nearest city","Attending a satRday, Helping out a satRday, Helping publicise the events, Helping improve the website"
"Santa Marta, Colombia",-74.2110227,11.2403547,"08/01/2016 13:06:11","LATAM (Latin America)","To my nearest city","Attending a satRday, Helping publicise the events"
"Stockholm, Sweden",18.0685808,59.3293235,"08/01/2016 13:08:22","EMEA (EU, Middle East & Africa)","To anywhere in my country","Attending a satRday, Helping out a satRday"
"Vienna, Austria",16.3738189,48.2081743,"08/01/2016 13:12:13","EMEA (EU, Middle East & Africa)","To my nearest city","Attending a satRday, Helping out a satRday, Helping publicise the events, Organising a satRday, Helping with central organisation"
"Philadelphia, USA",-75.1652215,39.9525839,"08/01/2016 13:14:11","NA (North America)","To my nearest city","Attending a satRday"
"Philadelphia",-75.1652215,39.9525839,"08/01/2016 13:20:20","NA (North America)","To my nearest city","Attending a satRday, Helping out a satRday, Presenting at a satRday, Helping with central organisation"
"St. Petersburg, FL",-82.6267345,27.7518284,"08/01/2016 13:22:39","NA (North America)","To my nearest city","Attending a satRday"
"Mumbai, India",72.8776559,19.0759837,"08/01/2016 13:43:44","APAC (Asia - Pacific)","To my nearest city","Attending a satRday"
"Montpellier, France",3.876716,43.610769,"08/01/2016 13:49:40","EMEA (EU, Middle East & Africa)","To my nearest city","Attending a satRday, Helping out a satRday, Helping publicise the events, Presenting at a satRday, Organising a satRday"
"Williamsburg, VA, USA",-76.7074571,37.2707022,"08/01/2016 13:53:18","NA (North America)","To my nearest city","Attending a satRday, Presenting at a satRday"
"Milan",9.1859243,45.4654219,"08/01/2016 14:09:23","EMEA (EU, Middle East & Africa)","To anywhere in my continent","Attending a satRday, Helping out a satRday"
"Monterrey, Mexico",-100.3161126,25.6866142,"08/01/2016 14:09:50","LATAM (Latin America)","To anywhere in my country","Attending a satRday, Helping out a satRday, Helping publicise the events, Presenting at a satRday, Organising a satRday, Helping improve the website, Helping with central organisation"
"Milan, Italy",9.1859243,45.4654219,"08/01/2016 14:11:26","EMEA (EU, Middle East & Africa)","To anywhere in my continent","Attending a satRday, Helping out a satRday, Helping publicise the events"
"Ann Arbor, USA",-83.7430378,42.2808256,"08/01/2016 14:14:16","NA (North America)","To my nearest city","Attending a satRday, Helping out a satRday, Helping publicise the events, Organising a satRday"
"Moscow, Russia",37.6173,55.755826,"08/01/2016 14:16:54","EMEA (EU, Middle East & Africa)","To anywhere in my continent","Attending a satRday, Presenting at a satRday, Helping with central organisation"
"New York, USA",-74.0059413,40.7127837,"08/01/2016 14:17:40","NA (North America)","To my nearest city","Attending a satRday, Helping out a satRday, Helping publicise the events, Presenting at a satRday, Organising a satRday, Helping with central organisation"
"Hannover, Germany",9.7320104,52.3758916,"08/01/2016 14:24:15","EMEA (EU, Middle East & Africa)","To anywhere in my country","Attending a satRday"
"Baltimore, Maryland, USA",-76.6121893,39.2903848,"08/01/2016 14:28:59","NA (North America)","To my nearest city","Attending a satRday, Helping out a satRday, Helping publicise the events"
"Gent, Belgium",3.7174243,51.0543422,"08/01/2016 14:29:34","EMEA (EU, Middle East & Africa)","To anywhere in my country","Attending a satRday"
"New York,  USA",-74.0059413,40.7127837,"08/01/2016 14:36:24","NA (North America)","To my nearest city","Attending a satRday, Helping out a satRday, Helping with central organisation"
"Montreal, Canada",-73.567256,45.5016889,"08/01/2016 14:36:27","NA (North America)","To my nearest city","Attending a satRday"
"São Paulo, Brazil",-46.6333094,-23.5505199,"08/01/2016 14:43:14","LATAM (Latin America)","To my nearest city","Attending a satRday"
"Bend Oregon, USA",-121.3153096,44.0581728,"08/01/2016 14:44:30","NA (North America)","To my nearest city","Attending a satRday, Helping out a satRday, Helping improve the website, Helping with central organisation"
"Honolulu, USA",-157.8583333,21.3069444,"08/01/2016 14:45:37","NA (North America)","To my nearest city","Attending a satRday"
"Washington DC",-77.0368707,38.9071923,"08/01/2016 14:53:06","NA (North America)",NA,"Attending a satRday, Helping out a satRday, Helping publicise the events, Presenting at a satRday, Organising a satRday, Helping improve the website, Helping with central organisation"
"London",-0.1277583,51.5073509,"08/01/2016 14:56:02","EMEA (EU, Middle East & Africa)","To anywhere in my continent","Attending a satRday, Helping out a satRday"
"Ann Arbor, MI",-83.7430378,42.2808256,"08/01/2016 14:57:10","NA (North America)","To my nearest city","Attending a satRday, Helping publicise the events, Presenting at a satRday"
"Cary, NC USA",-78.7811169,35.79154,"08/01/2016 14:57:42","NA (North America)","To my nearest city","Attending a satRday"
"Indianapolis, IN, USA",-86.158068,39.768403,"08/01/2016 15:05:01","NA (North America)","To my nearest city","Attending a satRday"
"Ashburton, United Kingdom",-3.751395,50.515772,"08/01/2016 15:12:37","EMEA (EU, Middle East & Africa)","To my nearest city","Attending a satRday, Helping out a satRday"
"Los Angeles, USA",-118.2436849,34.0522342,"08/01/2016 15:14:14","NA (North America)","To my nearest city","Attending a satRday, Helping publicise the events, Organising a satRday"
"Durham, NC",-78.898619,35.9940329,"08/01/2016 15:20:59","NA (North America)","To my nearest city","Attending a satRday, Helping out a satRday"
"London, UK",-0.1277583,51.5073509,"08/01/2016 15:25:48","EMEA (EU, Middle East & Africa)","To my nearest city","Attending a satRday, Helping out a satRday, Presenting at a satRday"
"Pondicherry,India",79.8144722,11.9138598,"08/01/2016 15:25:53","APAC (Asia - Pacific)","To my nearest city","Attending a satRday, Helping out a satRday, Helping publicise the events"
"Cookeville, Tennessee ",-85.5016423,36.162839,"08/01/2016 15:32:34","NA (North America)","To anywhere in my country","Attending a satRday, Helping publicise the events, Presenting at a satRday, Organising a satRday, Helping improve the website, Helping with central organisation"
"Denver, USA",-104.990251,39.7392358,"08/01/2016 15:33:38","NA (North America)","To my nearest city","Attending a satRday"
"Milwaukee, United States",-87.9064736,43.0389025,"08/01/2016 15:54:31","NA (North America)","To anywhere in my country","Attending a satRday, Presenting at a satRday"
"Niskayuna, NY",-73.8914407,42.8000049,"08/01/2016 15:57:09","NA (North America)","To my nearest city","Attending a satRday, Helping out a satRday"
"Pittsburgh, USA",-79.9958864,40.4406248,"08/01/2016 15:59:38","NA (North America)","To my nearest city","Attending a satRday, Helping out a satRday"
"Rome, Italy",12.4963655,41.9027835,"08/01/2016 16:03:07","EMEA (EU, Middle East & Africa)","To my nearest city","Attending a satRday, Helping out a satRday"
"Bend, United States of America",-121.3153096,44.0581728,"08/01/2016 16:08:23","NA (North America)","To my nearest city","Attending a satRday, Presenting at a satRday"
"Salt Lake City, United States",-111.8910474,40.7607793,"08/01/2016 16:14:22","NA (North America)","To my nearest city","Attending a satRday, Helping out a satRday, Presenting at a satRday"
"Logatec, Slovenia",14.2285582,45.9170819,"08/01/2016 16:18:09","EMEA (EU, Middle East & Africa)","To anywhere in my continent","Attending a satRday, Helping out a satRday"
"Dallas,USA",-96.7969879,32.7766642,"08/01/2016 16:24:09","NA (North America)","To my nearest city","Attending a satRday, Helping out a satRday, Helping publicise the events, Presenting at a satRday, Organising a satRday"
"Oxford, UK",-1.2577263,51.7520209,"08/01/2016 16:24:46","EMEA (EU, Middle East & Africa)","To my nearest city","Attending a satRday, Helping out a satRday, Presenting at a satRday"
"Charlottesville, VA, USA",-78.4766781,38.0293059,"08/01/2016 16:30:33","NA (North America)","To my nearest city","Attending a satRday"
"Grand Rapids, US",-85.6680863,42.9633599,"08/01/2016 16:32:30","NA (North America)","To anywhere in my country","Attending a satRday, Helping out a satRday"
"Los Angeles, USA",-118.2436849,34.0522342,"08/01/2016 16:33:29","NA (North America)","To my nearest city","Attending a satRday"
"London,UK",-0.1277583,51.5073509,"08/01/2016 16:34:45","EMEA (EU, Middle East & Africa)","To my nearest city","Attending a satRday"
"Atlanta, GA, USA",-84.3879824,33.7489954,"08/01/2016 16:34:49","NA (North America)","To my nearest city","Attending a satRday"
"Ann Arbor, USA",-83.7430378,42.2808256,"08/01/2016 16:36:42","NA (North America)","To my nearest city","Attending a satRday, Helping out a satRday, Presenting at a satRday, Organising a satRday, Sponsoring an event"
"Madison, WI",-89.4012302,43.0730517,"08/01/2016 16:42:00","NA (North America)","To my nearest city","Attending a satRday"
"Brasília",-47.8821658,-15.7942287,"08/01/2016 16:48:26","LATAM (Latin America)","To anywhere in my country","Helping out a satRday, Presenting at a satRday, Organising a satRday, Helping with central organisation"
"Toronto, Canada",-79.3831843,43.653226,"08/01/2016 16:49:21","NA (North America)","To my nearest city","Attending a satRday, Helping out a satRday, Helping publicise the events, Presenting at a satRday, Organising a satRday, Helping improve the website, Helping with central organisation, I may help find sponsors, but I am just a consultant"
"Chicago, USA",-87.6297982,41.8781136,"08/01/2016 16:51:50","NA (North America)","To anywhere in the the world","Attending a satRday, Presenting at a satRday"
"New York City, USA",-74.0059413,40.7127837,"08/01/2016 16:53:44","NA (North America)","To my nearest city","Attending a satRday"
"Riyadh",46.544831,25.0054482,"08/01/2016 16:53:48","EMEA (EU, Middle East & Africa)","To my nearest city","Attending a satRday, Helping publicise the events, Helping improve the website"
"Denver, US",-104.990251,39.7392358,"08/01/2016 16:54:39","NA (North America)","To my nearest city","Attending a satRday, Helping out a satRday, Organising a satRday"
"London, UK",-0.1277583,51.5073509,"08/01/2016 17:02:14","EMEA (EU, Middle East & Africa)","To my nearest city","Attending a satRday"
"Chicago, IL",-87.6297982,41.8781136,"08/01/2016 17:11:50","NA (North America)","To my nearest city","Attending a satRday, Helping out a satRday, Presenting at a satRday, Helping with central organisation"
"Decatur, IL",-88.9548001,39.8403147,"08/01/2016 17:14:10","NA (North America)","To my nearest city","Attending a satRday, Helping out a satRday"
"Spain",-3.74922,40.463667,"08/01/2016 17:14:22","EMEA (EU, Middle East & Africa)","To my nearest city","Attending a satRday, Presenting at a satRday"
"Vienna, Austria",16.3738189,48.2081743,"08/01/2016 17:24:12","EMEA (EU, Middle East & Africa)","To my nearest city","Attending a satRday, Helping out a satRday, Organising a satRday"
"Modesto USA",-120.9968782,37.6390972,"08/01/2016 17:30:24","NA (North America)","To my nearest city","Attending a satRday, Helping out a satRday, Organising a satRday"
"Reno, United States",-119.8138027,39.5296329,"08/01/2016 17:31:10","NA (North America)","To my nearest city","Attending a satRday, Helping out a satRday, Organising a satRday, Helping with central organisation"
"Berkeley, USA",-122.272747,37.8715926,"08/01/2016 17:34:26","NA (North America)","To my nearest city","Attending a satRday, Helping out a satRday"
"Waco, TX, USA (available to travel to Austin, TX or Dallas, TX)",-97.1466695,31.549333,"08/01/2016 17:36:20","NA (North America)","To anywhere in the the world","Attending a satRday, Helping out a satRday, Presenting at a satRday, Organising a satRday"
"Konstanz, germany",9.1732384,47.6779496,"08/01/2016 17:43:49","EMEA (EU, Middle East & Africa)","To my nearest city","Attending a satRday, Helping out a satRday, Presenting at a satRday"
"Athens, GA, USA",-83.357567,33.9519347,"08/01/2016 17:45:09","NA (North America)","To my nearest city","Attending a satRday, Helping out a satRday, Presenting at a satRday"
"Houston, USA",-95.3698028,29.7604267,"08/01/2016 17:46:17","NA (North America)","To my nearest city","Attending a satRday, Helping out a satRday, Helping publicise the events"
"Oshkosh, United States",-88.5426136,44.0247062,"08/01/2016 17:47:53","NA (North America)","To my nearest city","Attending a satRday"
"London, UK",-0.1277583,51.5073509,"08/01/2016 17:49:29","EMEA (EU, Middle East & Africa)","To my nearest city","Attending a satRday"
"Davis, CA",-121.7405167,38.5449065,"08/01/2016 17:51:05","NA (North America)","To my nearest city","Attending a satRday, Helping out a satRday, Presenting at a satRday"
"Atlanta, USA",-84.3879824,33.7489954,"08/01/2016 17:52:28","NA (North America)","To my nearest city","Attending a satRday, Helping out a satRday, Helping publicise the events, Presenting at a satRday"
"North Bay, Canada",-79.4608204,46.3091152,"08/01/2016 18:03:04","NA (North America)","To my nearest city","Attending a satRday, Helping out a satRday, Helping publicise the events, Presenting at a satRday, Helping with central organisation"
"Montpellier, France",3.876716,43.610769,"08/01/2016 18:23:49","EMEA (EU, Middle East & Africa)","To anywhere in my country","Attending a satRday, Helping out a satRday, Helping publicise the events, Presenting at a satRday"
"Calgary, Canada",-114.0708459,51.0486151,"08/01/2016 18:26:19","NA (North America)","To my nearest city","Attending a satRday, Helping out a satRday, Helping publicise the events, Presenting at a satRday"
"Auburn, KS",-95.8160968,38.906114,"08/01/2016 18:48:02","NA (North America)","To anywhere in my country","Attending a satRday"
"Madison, USA",-89.4012302,43.0730517,"08/01/2016 18:51:49","NA (North America)","To my nearest city","Attending a satRday, Helping out a satRday, Helping publicise the events, Presenting at a satRday, Organising a satRday"
"istanbul, turkey",28.9783589,41.0082376,"08/01/2016 19:06:14","EMEA (EU, Middle East & Africa)","To anywhere in my continent","Attending a satRday, Helping improve the website"
"Seattle, USA",-122.3320708,47.6062095,"08/01/2016 19:07:56","NA (North America)","To my nearest city","Attending a satRday, Helping out a satRday"
"San Juan, Puerto Rico",-66.1057217,18.4663338,"08/01/2016 19:19:49","LATAM (Latin America)","To anywhere in my continent","Attending a satRday, Helping out a satRday, Organising a satRday, Helping with central organisation"
"Brussels, Belgium",4.3517103,50.8503396,"08/01/2016 19:22:00","EMEA (EU, Middle East & Africa)","To my nearest city","Attending a satRday"
"Nashville, Tennessee",-86.7816016,36.1626638,"08/01/2016 19:26:08","NA (North America)","To my nearest city","Attending a satRday, Helping out a satRday"
"New York,  USA",-74.0059413,40.7127837,"08/01/2016 19:26:23","NA (North America)","To my nearest city","Attending a satRday"
"Indianapolis, IN  USA",-86.158068,39.768403,"08/01/2016 19:29:55","NA (North America)","To my nearest city","Attending a satRday, Helping out a satRday, Helping publicise the events, Organising a satRday, Helping with central organisation"
"Tampa Florida, USA",-82.4571776,27.950575,"08/01/2016 19:32:32","NA (North America)","To my nearest city","Attending a satRday"
"Seattle, USA",-122.3320708,47.6062095,"08/01/2016 19:43:25","NA (North America)","To my nearest city","Attending a satRday, Helping out a satRday, Presenting at a satRday"
"Albany, NY, USA",-73.7562317,42.6525793,"08/01/2016 20:02:03","NA (North America)","To my nearest city","Attending a satRday"
"Lisbon, Portugal",-9.1393366,38.7222524,"08/01/2016 20:16:30","EMEA (EU, Middle East & Africa)","To my nearest city","Attending a satRday, Presenting at a satRday"
"London",-0.1277583,51.5073509,"08/01/2016 20:16:52","EMEA (EU, Middle East & Africa)","To anywhere in my country","Attending a satRday, Helping out a satRday, Presenting at a satRday, Organising a satRday"
"Boston, USA",-71.0588801,42.3600825,"08/01/2016 20:20:03","NA (North America)","To my nearest city","Attending a satRday"
"London, uk",-0.1277583,51.5073509,"08/01/2016 20:23:33","EMEA (EU, Middle East & Africa)","To anywhere in my country","Attending a satRday"
"Los Angeles, CA",-118.2436849,34.0522342,"08/01/2016 20:25:34","NA (North America)","To my nearest city","Attending a satRday, Helping out a satRday, Presenting at a satRday, Organising a satRday, Helping improve the website, Helping with central organisation, Sponsoring an event"
"Ottawa, Canada",-75.6971931,45.4215296,"08/01/2016 20:27:16","NA (North America)","To my nearest city","Attending a satRday, Presenting at a satRday"
"Denver, USA",-104.990251,39.7392358,"08/01/2016 20:35:52","NA (North America)","To my nearest city","Attending a satRday"
"Mumbai, Maharashtra",72.8776559,19.0759837,"08/01/2016 20:38:45","APAC (Asia - Pacific)","To my nearest city","Attending a satRday, Helping out a satRday, Helping publicise the events, Presenting at a satRday, Organising a satRday"
"Cambridge, USA",-71.1097335,42.3736158,"08/01/2016 20:40:15","NA (North America)","To my nearest city","Attending a satRday"
"St. Petersburg, United States",-82.6267345,27.7518284,"08/01/2016 20:40:37","NA (North America)","To my nearest city","Attending a satRday"
"Princeton, US",-74.6672226,40.3572976,"08/01/2016 20:50:19","NA (North America)","To my nearest city","Attending a satRday, Helping out a satRday"
"Tübingen, Germany",9.0576448,48.5216364,"08/01/2016 21:17:23","EMEA (EU, Middle East & Africa)","To anywhere in my country","Attending a satRday, Helping publicise the events"
"Chicago",-87.6297982,41.8781136,"08/01/2016 21:48:57","NA (North America)","To my nearest city","Attending a satRday, Helping out a satRday, Presenting at a satRday, Helping improve the website"
"London",-0.1277583,51.5073509,"08/01/2016 22:03:41","EMEA (EU, Middle East & Africa)","To anywhere in my country","Presenting at a satRday, Sponsoring an event"
"State College, Pennsylvania, United States Of America",-77.8600012,40.7933949,"08/01/2016 22:20:01","NA (North America)","To my nearest city","Attending a satRday"
"Atanta, USA",-84.3879824,33.7489954,"08/01/2016 22:58:33","NA (North America)","To my nearest city","Attending a satRday"
"Washington DC, USA",-77.0368707,38.9071923,"08/01/2016 23:07:30","NA (North America)","To my nearest city","Attending a satRday, Helping out a satRday, Helping publicise the events"
"Birmingham, UK",-1.890401,52.486243,"08/01/2016 23:19:36","EMEA (EU, Middle East & Africa)","To my nearest city","Attending a satRday"
"Huntington Beach",-117.9992265,33.660297,"08/01/2016 23:27:36","NA (North America)","To my nearest city","Attending a satRday, Presenting at a satRday"
"Austin, TX",-97.7430608,30.267153,"08/01/2016 23:44:28","NA (North America)","To my nearest city","Attending a satRday, Helping out a satRday, Helping publicise the events"
"London, UK",-0.1277583,51.5073509,"08/01/2016 23:52:04","EMEA (EU, Middle East & Africa)","To my nearest city","Attending a satRday, Helping improve the website, Helping with central organisation, Sponsoring an event"
"San Mateo, USA",-122.3255254,37.5629917,"08/01/2016 23:53:40","NA (North America)","To my nearest city","Attending a satRday"
"Sydney, Australia",151.2069902,-33.8674869,"08/01/2016 23:57:52","APAC (Asia - Pacific)","To anywhere in my country","Attending a satRday"
"London, United Kingdom",-0.1277583,51.5073509,"09/01/2016 00:08:59","EMEA (EU, Middle East & Africa)","To my nearest city","Attending a satRday, Helping out a satRday, Organising a satRday, Helping with central organisation"
"Houston, USA",-95.3698028,29.7604267,"09/01/2016 00:15:13","NA (North America)","To my nearest city","Attending a satRday"
"New York, USA",-74.0059413,40.7127837,"09/01/2016 00:15:22","NA (North America)","To my nearest city","Attending a satRday, Helping out a satRday, Helping publicise the events, Organising a satRday"
"Troy, usa",-83.1497751,42.6064095,"09/01/2016 00:33:54","NA (North America)","To anywhere in my country","Attending a satRday"
"Provo, Utah",-111.6585337,40.2338438,"09/01/2016 01:53:41","NA (North America)","To my nearest city","Attending a satRday"
"Louisville, USA",-85.7584557,38.2526647,"09/01/2016 02:01:42","NA (North America)","To my nearest city","Attending a satRday, Helping out a satRday, Presenting at a satRday"
"Farnham, Surrey",-0.798802,51.214321,"09/01/2016 02:06:33","EMEA (EU, Middle East & Africa)","To my nearest city","Attending a satRday, Helping out a satRday, Presenting at a satRday"
"South Kingstown, RI, USA",-71.524667,41.4475686,"09/01/2016 02:51:08","NA (North America)","To my nearest city","Helping publicise the events, Organising a satRday, Helping improve the website, Helping with central organisation"
"PrincetonNJ, USA",-74.6672226,40.3572976,"09/01/2016 02:52:22","NA (North America)","To my nearest city","Helping out a satRday, Presenting at a satRday"
"Atlanta, USA",-84.3879824,33.7489954,"09/01/2016 02:53:47","NA (North America)","To my nearest city","Attending a satRday"
"Vancouver, Canada ",-123.1207375,49.2827291,"09/01/2016 02:56:42","NA (North America)","To my nearest city","Attending a satRday, Helping out a satRday, Helping publicise the events, Organising a satRday, Helping with central organisation"
"Novato, CA",-122.5697032,38.1074198,"09/01/2016 03:01:09","NA (North America)","To my nearest city","Attending a satRday"
"Vancouver, Canada",-123.1207375,49.2827291,"09/01/2016 03:17:35","NA (North America)","To my nearest city","Attending a satRday"
"New York, NY USA",-74.0059413,40.7127837,"09/01/2016 04:04:41","NA (North America)","To my nearest city","Attending a satRday, Helping out a satRday, Helping publicise the events"
"san jose, USA",-121.8863286,37.3382082,"09/01/2016 04:06:49","NA (North America)","To my nearest city","Attending a satRday"
"singapore",103.819836,1.352083,"09/01/2016 04:56:42","APAC (Asia - Pacific)","To my nearest city","Attending a satRday, Helping out a satRday"
"Kota Kinabalu, Sabah, Malaysia",116.0734568,5.980408,"09/01/2016 05:13:15","APAC (Asia - Pacific)","To anywhere in my country","Attending a satRday, Helping out a satRday, Helping publicise the events"
"Providence, RI",-71.4128343,41.8239891,"09/01/2016 05:23:32","NA (North America)","To my nearest city","Attending a satRday, Helping out a satRday, Helping publicise the events, Presenting at a satRday, Helping with central organisation"
"New York, NY",-74.0059413,40.7127837,"09/01/2016 05:24:59","NA (North America)","To my nearest city","Attending a satRday"
"Spokane, WA",-117.4260466,47.6587802,"09/01/2016 05:53:13","NA (North America)","To my nearest city","Attending a satRday, Helping out a satRday, Presenting at a satRday"
"Bridgeton, NJ, USA",-75.2340768,39.427337,"09/01/2016 07:32:51","NA (North America)","To my nearest city","Attending a satRday, Helping out a satRday, Presenting at a satRday"
"Athens,Greece",23.7293599,37.983917,"09/01/2016 07:38:30","EMEA (EU, Middle East & Africa)","To my nearest city","Attending a satRday, Helping out a satRday, Helping publicise the events, Presenting at a satRday"
"Munich, Germany",11.5819806,48.1351253,"09/01/2016 07:38:32","EMEA (EU, Middle East & Africa)","To anywhere in my continent","Attending a satRday, Organising a satRday, Helping with central organisation"
"London, UK ",-0.1277583,51.5073509,"09/01/2016 07:46:23","EMEA (EU, Middle East & Africa)","To my nearest city","Attending a satRday"
"Richmond, Canada",-123.133569,49.1665898,"09/01/2016 07:46:37","NA (North America)","To my nearest city","Attending a satRday"
"Barcelona, Spain",2.1734035,41.3850639,"09/01/2016 08:49:52","EMEA (EU, Middle East & Africa)","To my nearest city","Attending a satRday, Helping out a satRday, Helping publicise the events, Presenting at a satRday, I never organized an event but I am frequently im touch with RugB (R user group Barcelona) organizers and they might be interested in organizing one satRdays event"
"St. Petersburg, Russia",30.3350986,59.9342802,"09/01/2016 09:22:10","EMEA (EU, Middle East & Africa)","To anywhere in my continent","Attending a satRday, Helping out a satRday, Presenting at a satRday, Organising a satRday, Helping with central organisation"
"Oberageri,Switzerland",8.6131948,47.1351173,"09/01/2016 09:49:38","EMEA (EU, Middle East & Africa)","To anywhere in my country","Attending a satRday, Helping out a satRday, Helping publicise the events, Presenting at a satRday"
"Los Angeles, USA",-118.2436849,34.0522342,"09/01/2016 10:14:02","NA (North America)","To my nearest city","Attending a satRday, Helping out a satRday, Helping publicise the events, Helping improve the website"
"Malaysia",101.975766,4.210484,"09/01/2016 10:22:26","APAC (Asia - Pacific)","To anywhere in the the world","Attending a satRday, Helping out a satRday, Presenting at a satRday, Helping improve the website, Helping with central organisation, Sponsoring an event"
"Lancaster, UK",-2.8007399,54.046575,"09/01/2016 11:33:16","EMEA (EU, Middle East & Africa)","To my nearest city","Attending a satRday, Helping out a satRday, Helping publicise the events, Presenting at a satRday"
"Warsaw, Poland",21.0122287,52.2296756,"09/01/2016 11:39:50","EMEA (EU, Middle East & Africa)","To anywhere in my country","Attending a satRday, Helping out a satRday, Helping publicise the events, Presenting at a satRday, Organising a satRday, Helping improve the website, Helping with central organisation"
"Saco, ME USA",-70.4428286,43.5009176,"09/01/2016 11:44:35","NA (North America)","To my nearest city","Attending a satRday, Helping out a satRday, Organising a satRday"
"Indianapolis, United States",-86.158068,39.768403,"09/01/2016 12:34:53","NA (North America)","To my nearest city","Attending a satRday, Helping publicise the events, Presenting at a satRday, Helping improve the website"
"Paris, France",2.3522219,48.856614,"09/01/2016 12:34:58","EMEA (EU, Middle East & Africa)","To anywhere in my country","Attending a satRday, Helping out a satRday, Presenting at a satRday"
"Halifax, Canada",-63.5753196,44.6488625,"09/01/2016 13:02:56","NA (North America)","To my nearest city","Attending a satRday, Helping out a satRday, Helping publicise the events, Presenting at a satRday, Organising a satRday"
"des moines, iowa",-93.6091064,41.6005448,"09/01/2016 15:16:09","NA (North America)","To my nearest city","Attending a satRday, Presenting at a satRday"
"Austria",14.550072,47.516231,"09/01/2016 16:48:33","EMEA (EU, Middle East & Africa)","To anywhere in my country","Attending a satRday, Helping out a satRday, Presenting at a satRday, Organising a satRday, Helping improve the website"
"Vancouver, Canada",-123.1207375,49.2827291,"09/01/2016 16:48:52","NA (North America)","To my nearest city","Attending a satRday"
"Washington, DC",-77.0368707,38.9071923,"09/01/2016 16:51:32","NA (North America)","To my nearest city","Attending a satRday, Helping out a satRday"
"Davenport, IA",-90.5776367,41.5236437,"09/01/2016 16:54:38","NA (North America)","To my nearest city","Attending a satRday, Helping out a satRday, Helping publicise the events, Presenting at a satRday"
"New York City, United States",-74.0059413,40.7127837,"09/01/2016 16:55:38","NA (North America)","To my nearest city","Attending a satRday, Helping out a satRday, Presenting at a satRday"
"Urbana, IL USA",-88.2072697,40.1105875,"09/01/2016 17:02:16","NA (North America)","To anywhere in my country","Helping publicise the events, Presenting at a satRday, Organising a satRday"
"Washington DC",-77.0368707,38.9071923,"09/01/2016 17:10:27","NA (North America)","To my nearest city","Attending a satRday, Helping out a satRday"
"Campbell, CA USA",-121.9499568,37.2871651,"09/01/2016 17:13:50","NA (North America)","To my nearest city","Attending a satRday, Helping out a satRday, Helping publicise the events, Presenting at a satRday, Organising a satRday"
"Bogotá, Colombia ",-74.072092,4.7109886,"09/01/2016 17:22:03","LATAM (Latin America)","To anywhere in my continent","Attending a satRday"
"Washington, DC ",-77.0368707,38.9071923,"09/01/2016 17:24:27","NA (North America)",NA,"Attending a satRday"
"Oxford, UK",-1.2577263,51.7520209,"09/01/2016 17:25:03","EMEA (EU, Middle East & Africa)","To my nearest city","Attending a satRday, Helping out a satRday, Presenting at a satRday"
"Denver, USA",-104.990251,39.7392358,"09/01/2016 17:25:04","NA (North America)","To my nearest city","Attending a satRday, Helping out a satRday, Presenting at a satRday"
"Oslo, Norway",10.7522454,59.9138688,"09/01/2016 17:28:13","EMEA (EU, Middle East & Africa)","To anywhere in my country","Attending a satRday, Helping out a satRday, Helping publicise the events, Presenting at a satRday, Organising a satRday"
"Beirut, Lebanon",35.4954794,33.8886289,"09/01/2016 17:43:30","EMEA (EU, Middle East & Africa)","To anywhere in my country","Attending a satRday, Helping out a satRday, Presenting at a satRday"
"Toronto, Canada",-79.3831843,43.653226,"09/01/2016 17:45:45","NA (North America)","To my nearest city","Attending a satRday, Helping out a satRday"
"Omaha, Nebraska ",-95.9979883,41.2523634,"09/01/2016 17:47:32","NA (North America)","To my nearest city","Attending a satRday, Helping out a satRday, Helping publicise the events"
"North Vancouver, BC, CAnada",-123.0732801,49.3269904,"09/01/2016 17:58:12","NA (North America)","To my nearest city","Attending a satRday, Helping out a satRday"
"Minneapolis, USA",-93.2650108,44.977753,"09/01/2016 18:14:21","NA (North America)","To anywhere in my country","Attending a satRday, Helping out a satRday, Helping publicise the events, Organising a satRday"
"Pskov, Russia",28.3344734,57.8166994,"09/01/2016 18:31:03","Other","To my nearest city","Attending a satRday, Helping out a satRday, Presenting at a satRday, Organising a satRday, Helping with central organisation"
"Vancouver, Canada",-123.1207375,49.2827291,"09/01/2016 18:32:26","NA (North America)","To my nearest city","Attending a satRday, Helping out a satRday"
"Leuven, Belgium",4.7005176,50.8798438,"09/01/2016 18:42:43","EMEA (EU, Middle East & Africa)","To my nearest city","Attending a satRday, Helping out a satRday, Helping publicise the events, Presenting at a satRday, Organising a satRday"
"Basel, Switzerland ",7.5885761,47.5595986,"09/01/2016 18:56:26","EMEA (EU, Middle East & Africa)","To my nearest city","Attending a satRday, Helping out a satRday, Presenting at a satRday"
"Walnut Creek, CA",-122.0651819,37.9100783,"09/01/2016 19:40:32","NA (North America)","To my nearest city","Attending a satRday, Helping out a satRday, Helping with central organisation"
"Chicago, usa",-87.6297982,41.8781136,"09/01/2016 20:42:48","NA (North America)","To my nearest city","Attending a satRday, Helping out a satRday, Organising a satRday, Helping with central organisation"
"Minneapolis, MN",-93.2650108,44.977753,"09/01/2016 21:00:24","NA (North America)","To anywhere in my country","Attending a satRday, Helping out a satRday, Helping publicise the events, Organising a satRday, Helping with central organisation"
"Canada",-106.346771,56.130366,"09/01/2016 21:12:57","NA (North America)","To my nearest city","Attending a satRday, Helping out a satRday, Helping improve the website, Helping with central organisation"
"Rockford, IL, USA",-89.0939952,42.2711311,"09/01/2016 21:15:40","NA (North America)","To my nearest city","Attending a satRday"
"London",-0.1277583,51.5073509,"09/01/2016 21:17:11","NA (North America)","To anywhere in the the world","Attending a satRday, Helping out a satRday, Helping publicise the events, Presenting at a satRday, Organising a satRday, Helping improve the website, Helping with central organisation"
"Vancouver, Canada",-123.1207375,49.2827291,"09/01/2016 21:20:05","NA (North America)","To my nearest city","Attending a satRday, Helping out a satRday"
